{"GFLOPs": 1.4e-08, "epoch": 19, "_timestamp": 1664650557.2779515, "loss": 0.0025123024825006723, "mse": 0.00015943511971272528, "val_loss": 0.002470162929967046, "val_mse": 0.0001556194038130343, "_runtime": 150.77471256256104, "_step": 19, "best_val_loss": 0.002470162929967046, "best_epoch": 19}