{"GFLOPs": 1.4e-08, "epoch": 9, "_timestamp": 1664650235.6763377, "loss": 0.004375512711703777, "mse": 0.0004226743767503649, "val_loss": 0.004174511414021254, "val_mse": 0.0003751752956304699, "_runtime": 323.5299816131592, "_step": 9, "best_val_loss": 0.004174511414021254, "best_epoch": 9, "_wandb": {"runtime": 133}}